{
  "generator-jhipster": {
    "promptValues": {
      "packageName": "com.mycompany.myapp"
    },
    "jhipsterVersion": "5.2.1",
    "applicationType": "gateway",
    "baseName": "Gateway",
    "packageName": "com.mycompany.myapp",
    "packageFolder": "com/mycompany/myapp",
    "serverPort": "8080",
    "authenticationType": "jwt",
    "cacheProvider": "hazelcast",
    "enableHibernateCache": false,
    "websocket": false,
    "databaseType": "sql",
    "devDatabaseType": "h2Disk",
    "prodDatabaseType": "mysql",
    "searchEngine": false,
    "messageBroker": false,
    "serviceDiscoveryType": "consul",
    "buildTool": "maven",
    "enableSwaggerCodegen": false,
    "jwtSecretKey": "e257709a0a53ece6f8a7802fe65d682b957bcea7",
    "clientFramework": "angularX",
    "useSass": false,
    "clientPackageManager": "npm",
    "testFrameworks": [],
    "jhiPrefix": "jhi",
    "enableTranslation": false
  }
}